run_id,task_id,condition,role,index,seconds,loaded_skills,skill_body_count,catalog_count,input_tokens,output_tokens,total_tokens,cached_input_tokens,reasoning_tokens,error
T10-r2-reflexive,T10,reflexive,propose,1,2.5158298710593954,memory,1,10,982,155,1137,0,118,
T10-r2-reflexive,T10,reflexive,critique,2,2.3967756469501182,memory,1,10,1051,137,1188,0,120,
T10-r2-sage,T10,sage,sage_propose,1,3.1639594200532883,memory,1,0,932,162,1094,0,118,
T10-r2-parallel,T10,parallel,branch_data,1,1.9805164410499856,memory,1,10,997,164,1161,0,127,
T10-r2-parallel,T10,parallel,branch_constraints,2,2.4868018679553643,memory,1,10,1002,155,1157,0,118,
T10-r2-parallel,T10,parallel,merge,3,1.9815825149416924,memory,1,10,1051,156,1207,0,119,
T10-r2-sequential,T10,sequential,extract,1,3.831648127990775,memory,1,10,993,159,1152,0,122,
T10-r2-sequential,T10,sequential,solve,2,3.6963831959292293,memory,1,10,1022,140,1162,0,103,
T10-r2-sequential,T10,sequential,finalize,3,2.3976370219606906,memory,1,10,1020,134,1154,0,97,
T10-r2-sage_all_skills,T10,sage_all_skills,sage_propose,1,3.3804783100495115,ledger|schedule|dependencies|selection|memory|sql|file_edits|reminders|conversation|incident_triage,10,0,1947,157,2104,0,113,
T10-r2-hierarchical_all_skills,T10,hierarchical_all_skills,plan,1,2.4834280280629173,ledger|schedule|dependencies|selection|memory|sql|file_edits|reminders|conversation|incident_triage,10,10,2025,124,2149,0,28,
T10-r2-hierarchical_all_skills,T10,hierarchical_all_skills,worker,2,3.1851830430096015,ledger|schedule|dependencies|selection|memory|sql|file_edits|reminders|conversation|incident_triage,10,10,2047,150,2197,0,113,
T10-r2-hierarchical_all_skills,T10,hierarchical_all_skills,worker,3,3.4451579530723393,ledger|schedule|dependencies|selection|memory|sql|file_edits|reminders|conversation|incident_triage,10,10,2053,250,2303,0,213,
T10-r2-hierarchical_all_skills,T10,hierarchical_all_skills,merge,4,1.5660017170011997,ledger|schedule|dependencies|selection|memory|sql|file_edits|reminders|conversation|incident_triage,10,10,2156,95,2251,0,58,
T10-r2-hierarchical,T10,hierarchical,plan,1,2.192407925031148,memory,1,10,1010,119,1129,0,25,
T10-r2-hierarchical,T10,hierarchical,worker,2,3.241356616956182,memory,1,10,1032,170,1202,0,133,
T10-r2-hierarchical,T10,hierarchical,worker,3,3.2284828290576115,memory,1,10,1036,147,1183,0,110,
T10-r2-hierarchical,T10,hierarchical,merge,4,1.7625688660191372,memory,1,10,1139,120,1259,0,83,
T10-r2-single,T10,single,single,1,2.447650355985388,memory,1,10,978,163,1141,0,126,
T10-r2-sage_single,T10,sage_single,sage_propose,1,2.994349779910408,memory,1,0,932,172,1104,0,128,
T08-r1-sage_all_skills,T08,sage_all_skills,sage_propose,1,10.5059631310869,ledger|schedule|dependencies|selection|memory|sql|file_edits|reminders|conversation|incident_triage,10,0,1658,526,2184,0,485,
T08-r1-sage_all_skills,T08,sage_all_skills,sage_independent,2,17.724205021047965,ledger|schedule|dependencies|selection|memory|sql|file_edits|reminders|conversation|incident_triage,10,0,1643,904,2547,0,863,
T08-r1-hierarchical_all_skills,T08,hierarchical_all_skills,plan,1,1.815629577031359,ledger|schedule|dependencies|selection|memory|sql|file_edits|reminders|conversation|incident_triage,10,10,1736,125,1861,0,30,
T08-r1-hierarchical_all_skills,T08,hierarchical_all_skills,worker,2,18.338906029006466,ledger|schedule|dependencies|selection|memory|sql|file_edits|reminders|conversation|incident_triage,10,10,1761,1062,2823,0,1029,
T08-r1-hierarchical_all_skills,T08,hierarchical_all_skills,worker,3,19.9233152869856,ledger|schedule|dependencies|selection|memory|sql|file_edits|reminders|conversation|incident_triage,10,10,1760,1151,2911,0,1118,
T08-r1-hierarchical_all_skills,T08,hierarchical_all_skills,merge,4,1.844544546911493,ledger|schedule|dependencies|selection|memory|sql|file_edits|reminders|conversation|incident_triage,10,10,1860,107,1967,0,74,
T08-r1-single,T08,single,single,1,14.656750830006786,selection,1,10,685,1025,1710,0,992,
T08-r1-parallel,T08,parallel,branch_data,1,8.286269219010137,selection,1,10,704,677,1381,0,644,
T08-r1-parallel,T08,parallel,branch_constraints,2,15.188284676987678,selection,1,10,709,984,1693,0,951,
T08-r1-parallel,T08,parallel,merge,3,3.353654579957947,selection,1,10,752,245,997,0,212,
T08-r1-sage_single,T08,sage_single,sage_propose,1,14.890774970059283,selection,1,0,639,869,1508,0,828,
T08-r1-reflexive,T08,reflexive,propose,1,13.54775055195205,selection,1,10,689,949,1638,0,916,
T08-r1-reflexive,T08,reflexive,critique,2,7.194610086968169,selection,1,10,754,467,1221,0,450,
T08-r1-sequential,T08,sequential,extract,1,15.831298682955094,selection,1,10,700,887,1587,0,854,
T08-r1-sequential,T08,sequential,solve,2,5.798237007926218,selection,1,10,726,340,1066,0,307,
T08-r1-sequential,T08,sequential,finalize,3,1.9383804009994492,selection,1,10,724,116,840,0,83,
T08-r1-sage,T08,sage,sage_propose,1,18.546837933012284,selection,1,0,639,1004,1643,0,963,
T08-r1-sage,T08,sage,sage_independent,2,19.621229057083838,selection,1,0,624,1074,1698,0,1033,
T08-r1-sage,T08,sage,sage_review,3,9.864508889964782,selection,1,0,753,547,1300,0,514,
T08-r1-hierarchical,T08,hierarchical,plan,1,2.124440696905367,selection,1,10,717,117,834,0,24,
T08-r1-hierarchical,T08,hierarchical,worker,2,20.62177345494274,selection,1,10,742,1321,2063,0,1288,
T08-r1-hierarchical,T08,hierarchical,worker,3,11.521395382937044,selection,1,10,739,686,1425,0,653,
T08-r1-hierarchical,T08,hierarchical,merge,4,4.394063323037699,selection,1,10,839,345,1184,0,312,
T02-r1-sage_all_skills,T02,sage_all_skills,sage_propose,1,4.806954110972583,ledger|schedule|dependencies|selection|memory|sql|file_edits|reminders|conversation|incident_triage,10,0,2098,319,2417,0,263,
T02-r1-sequential,T02,sequential,extract,1,5.4951213099993765,ledger,1,10,1147,361,1508,0,313,
T02-r1-sequential,T02,sequential,solve,2,2.934699721983634,ledger,1,10,1188,227,1415,0,179,
T02-r1-sequential,T02,sequential,finalize,3,2.9053385929437354,ledger,1,10,1186,223,1409,0,175,
T02-r1-sage,T02,sage,sage_propose,1,4.169227238046005,ledger,1,0,1086,285,1371,0,229,
T02-r1-single,T02,single,single,1,4.137922122958116,ledger,1,10,1132,291,1423,0,243,
T02-r1-reflexive,T02,reflexive,propose,1,4.572164977085777,ledger,1,10,1136,309,1445,0,261,
T02-r1-reflexive,T02,reflexive,critique,2,2.785942949936725,ledger,1,10,1216,215,1431,0,198,
T02-r1-hierarchical,T02,hierarchical,plan,1,1.9068562579341233,ledger,1,10,1164,116,1280,0,23,
T02-r1-hierarchical,T02,hierarchical,worker,2,4.268778678961098,ledger,1,10,1190,278,1468,0,230,
T02-r1-hierarchical,T02,hierarchical,worker,3,3.968110447982326,ledger,1,10,1185,303,1488,0,255,
T02-r1-hierarchical,T02,hierarchical,merge,4,2.271280714077875,ledger,1,10,1316,230,1546,0,182,
T02-r1-hierarchical_all_skills,T02,hierarchical_all_skills,plan,1,2.143791679991409,ledger|schedule|dependencies|selection|memory|sql|file_edits|reminders|conversation|incident_triage,10,10,2176,125,2301,0,21,
T02-r1-hierarchical_all_skills,T02,hierarchical_all_skills,worker,2,4.2796013510087505,ledger|schedule|dependencies|selection|memory|sql|file_edits|reminders|conversation|incident_triage,10,10,2209,293,2502,0,245,
T02-r1-hierarchical_all_skills,T02,hierarchical_all_skills,worker,3,4.245264197932556,ledger|schedule|dependencies|selection|memory|sql|file_edits|reminders|conversation|incident_triage,10,10,2201,312,2513,0,264,
T02-r1-hierarchical_all_skills,T02,hierarchical_all_skills,merge,4,2.0065462490310892,ledger|schedule|dependencies|selection|memory|sql|file_edits|reminders|conversation|incident_triage,10,10,2339,208,2547,0,160,
T02-r1-sage_single,T02,sage_single,sage_propose,1,3.8221637080423534,ledger,1,0,1086,290,1376,1083,234,
T02-r1-parallel,T02,parallel,branch_data,1,2.594614385976456,ledger,1,10,1151,284,1435,0,236,
T02-r1-parallel,T02,parallel,branch_constraints,2,3.2143537260126323,ledger,1,10,1156,299,1455,0,251,
T02-r1-parallel,T02,parallel,merge,3,2.779679609113373,ledger,1,10,1229,270,1499,0,222,
T05-r2-hierarchical,T05,hierarchical,plan,1,2.158201692975126,dependencies,1,10,640,111,751,0,27,
T05-r2-hierarchical,T05,hierarchical,worker,2,4.246916102943942,dependencies,1,10,654,267,921,0,188,
T05-r2-hierarchical,T05,hierarchical,worker,3,4.272502148989588,dependencies,1,10,664,262,926,0,183,
T05-r2-hierarchical,T05,hierarchical,merge,4,1.918274031020701,dependencies,1,10,845,156,1001,0,77,
T05-r2-reflexive,T05,reflexive,propose,1,3.071992721990682,dependencies,1,10,612,284,896,0,205,
T05-r2-reflexive,T05,reflexive,critique,2,2.12791569205001,dependencies,1,10,723,150,873,0,133,
T05-r2-sequential,T05,sequential,extract,1,4.650859636953101,dependencies,1,10,623,308,931,0,229,
T05-r2-sequential,T05,sequential,solve,2,3.035341433947906,dependencies,1,10,695,242,937,0,163,
T05-r2-sequential,T05,sequential,finalize,3,2.7537534029688686,dependencies,1,10,693,197,890,0,118,
T05-r2-single,T05,single,single,1,3.3692726460285485,dependencies,1,10,608,254,862,0,175,
T05-r2-sage_all_skills,T05,sage_all_skills,sage_propose,1,3.8936702859355137,ledger|schedule|dependencies|selection|memory|sql|file_edits|reminders|conversation|incident_triage,10,0,1581,258,1839,0,171,
T05-r2-sage_all_skills,T05,sage_all_skills,sage_independent,2,5.1643349239602685,ledger|schedule|dependencies|selection|memory|sql|file_edits|reminders|conversation|incident_triage,10,0,1566,283,1849,0,196,
T05-r2-sage_all_skills,T05,sage_all_skills,sage_review,3,3.19757857802324,ledger|schedule|dependencies|selection|memory|sql|file_edits|reminders|conversation|incident_triage,10,0,1789,270,2059,0,191,
T05-r2-parallel,T05,parallel,branch_data,1,2.510612286045216,dependencies,1,10,627,215,842,0,136,
T05-r2-parallel,T05,parallel,branch_constraints,2,3.6870541949756444,dependencies,1,10,632,297,929,0,218,
T05-r2-parallel,T05,parallel,merge,3,2.3153207130962983,dependencies,1,10,767,209,976,0,130,
T05-r2-sage,T05,sage,sage_propose,1,4.737643843982369,dependencies,1,0,562,257,819,0,170,
T05-r2-sage,T05,sage,sage_independent,2,4.655837223981507,dependencies,1,0,547,248,795,0,161,
T05-r2-sage_single,T05,sage_single,sage_propose,1,3.926386457053013,dependencies,1,0,562,273,835,0,186,
T05-r2-hierarchical_all_skills,T05,hierarchical_all_skills,plan,1,1.8348744329996407,ledger|schedule|dependencies|selection|memory|sql|file_edits|reminders|conversation|incident_triage,10,10,1659,80,1739,0,0,
T05-r2-hierarchical_all_skills,T05,hierarchical_all_skills,worker,2,4.355227918946184,ledger|schedule|dependencies|selection|memory|sql|file_edits|reminders|conversation|incident_triage,10,10,1674,298,1972,0,219,
T05-r2-hierarchical_all_skills,T05,hierarchical_all_skills,worker,3,4.147724031936377,ledger|schedule|dependencies|selection|memory|sql|file_edits|reminders|conversation|incident_triage,10,10,1680,233,1913,0,154,
T05-r2-hierarchical_all_skills,T05,hierarchical_all_skills,merge,4,2.2626545330276713,ledger|schedule|dependencies|selection|memory|sql|file_edits|reminders|conversation|incident_triage,10,10,1862,166,2028,0,87,
T01-r2-sage_single,T01,sage_single,sage_propose,1,4.625798597000539,ledger,1,0,1090,327,1417,0,271,
T01-r2-parallel,T01,parallel,branch_data,1,2.7949606539914384,ledger,1,10,1155,274,1429,0,226,
T01-r2-parallel,T01,parallel,branch_constraints,2,2.7890144769335166,ledger,1,10,1160,269,1429,0,221,
T01-r2-parallel,T01,parallel,merge,3,1.9526205139700323,ledger,1,10,1233,196,1429,0,148,
T01-r2-reflexive,T01,reflexive,propose,1,2.521254651946947,ledger,1,10,1140,275,1415,0,227,
T01-r2-reflexive,T01,reflexive,critique,2,2.5435907499631867,ledger,1,10,1220,223,1443,0,206,
T01-r2-hierarchical,T01,hierarchical,plan,1,2.2182149830041453,ledger,1,10,1168,110,1278,0,25,
T01-r2-hierarchical,T01,hierarchical,worker,2,3.5090870580170304,ledger,1,10,1181,262,1443,0,214,
T01-r2-hierarchical,T01,hierarchical,worker,3,3.842483649030328,ledger,1,10,1194,290,1484,0,242,
T01-r2-hierarchical,T01,hierarchical,merge,4,2.8263249760493636,ledger,1,10,1312,68,1380,0,20,
T01-r2-sage,T01,sage,sage_propose,1,3.977752347011119,ledger,1,0,1090,305,1395,1087,249,
T01-r2-single,T01,single,single,1,3.219432736048475,ledger,1,10,1136,283,1419,0,235,
T01-r2-hierarchical_all_skills,T01,hierarchical_all_skills,plan,1,2.2567066031042486,ledger|schedule|dependencies|selection|memory|sql|file_edits|reminders|conversation|incident_triage,10,10,2180,125,2305,0,21,
T01-r2-hierarchical_all_skills,T01,hierarchical_all_skills,worker,2,4.037993198959157,ledger|schedule|dependencies|selection|memory|sql|file_edits|reminders|conversation|incident_triage,10,10,2211,273,2484,0,225,
T01-r2-hierarchical_all_skills,T01,hierarchical_all_skills,worker,3,3.708017651923001,ledger|schedule|dependencies|selection|memory|sql|file_edits|reminders|conversation|incident_triage,10,10,2207,312,2519,0,264,
T01-r2-hierarchical_all_skills,T01,hierarchical_all_skills,merge,4,2.930989452986978,ledger|schedule|dependencies|selection|memory|sql|file_edits|reminders|conversation|incident_triage,10,10,2343,149,2492,0,101,
T01-r2-sequential,T01,sequential,extract,1,4.294745879014954,ledger,1,10,1151,304,1455,0,256,
T01-r2-sequential,T01,sequential,solve,2,2.536103246966377,ledger,1,10,1192,245,1437,0,197,
T01-r2-sequential,T01,sequential,finalize,3,3.071352723054588,ledger,1,10,1190,246,1436,0,198,
T01-r2-sage_all_skills,T01,sage_all_skills,sage_propose,1,3.549959803931415,ledger|schedule|dependencies|selection|memory|sql|file_edits|reminders|conversation|incident_triage,10,0,2102,298,2400,0,242,
T04-r2-sequential,T04,sequential,extract,1,4.3894493780098855,schedule,1,10,604,329,933,0,303,
T04-r2-sequential,T04,sequential,solve,2,3.8862115730298683,schedule,1,10,623,316,939,0,290,
T04-r2-sequential,T04,sequential,finalize,3,3.5823239990277216,schedule,1,10,621,323,944,0,297,
T04-r2-single,T04,single,single,1,3.925988641916774,schedule,1,10,589,358,947,0,332,
T04-r2-hierarchical,T04,hierarchical,plan,1,2.5406648450298235,schedule,1,10,621,144,765,0,34,
T04-r2-hierarchical,T04,hierarchical,worker,2,4.924678543000482,schedule,1,10,653,342,995,0,316,
T04-r2-hierarchical,T04,hierarchical,worker,3,5.269153096014634,schedule,1,10,653,387,1040,0,361,
T04-r2-hierarchical,T04,hierarchical,merge,4,2.708886848995462,schedule,1,10,746,294,1040,0,268,
T04-r2-hierarchical_all_skills,T04,hierarchical_all_skills,plan,1,2.0359054129803553,ledger|schedule|dependencies|selection|memory|sql|file_edits|reminders|conversation|incident_triage,10,10,1633,127,1760,0,27,
T04-r2-hierarchical_all_skills,T04,hierarchical_all_skills,worker,2,4.714045048924163,ledger|schedule|dependencies|selection|memory|sql|file_edits|reminders|conversation|incident_triage,10,10,1664,369,2033,0,343,
T04-r2-hierarchical_all_skills,T04,hierarchical_all_skills,worker,3,5.690771562047303,ledger|schedule|dependencies|selection|memory|sql|file_edits|reminders|conversation|incident_triage,10,10,1656,396,2052,0,370,
T04-r2-hierarchical_all_skills,T04,hierarchical_all_skills,merge,4,3.0020609359489754,ledger|schedule|dependencies|selection|memory|sql|file_edits|reminders|conversation|incident_triage,10,10,1748,375,2123,0,349,
T04-r2-sage_all_skills,T04,sage_all_skills,sage_propose,1,4.390867048990913,ledger|schedule|dependencies|selection|memory|sql|file_edits|reminders|conversation|incident_triage,10,0,1555,359,1914,0,325,
T04-r2-sage,T04,sage,sage_propose,1,4.364776968955994,schedule,1,0,543,366,909,0,332,
T04-r2-parallel,T04,parallel,branch_data,1,3.2086158170131966,schedule,1,10,608,316,924,0,290,
T04-r2-parallel,T04,parallel,branch_constraints,2,4.344488780014217,schedule,1,10,613,381,994,0,355,
T04-r2-parallel,T04,parallel,merge,3,3.081762464949861,schedule,1,10,642,385,1027,0,359,
T04-r2-sage_single,T04,sage_single,sage_propose,1,4.337173031992279,schedule,1,0,543,331,874,0,297,
T04-r2-reflexive,T04,reflexive,propose,1,5.3222622100729495,schedule,1,10,593,413,1006,0,387,
T04-r2-reflexive,T04,reflexive,critique,2,4.948379477951676,schedule,1,10,651,301,952,0,284,
T06-r2-hierarchical,T06,hierarchical,plan,1,1.9186250449856743,dependencies,1,10,644,103,747,0,33,
T06-r2-hierarchical,T06,hierarchical,worker,2,4.415489743929356,dependencies,1,10,654,237,891,0,160,
T06-r2-hierarchical,T06,hierarchical,worker,3,3.661528573022224,dependencies,1,10,658,279,937,0,202,
T06-r2-hierarchical,T06,hierarchical,merge,4,1.0298548799473792,dependencies,1,10,831,75,906,0,0,
T06-r2-sage,T06,sage,sage_propose,1,3.6072917070705444,dependencies,1,0,566,240,806,0,155,
T06-r2-sage,T06,sage,sage_independent,2,4.575894296984188,dependencies,1,0,551,257,808,0,172,
T06-r2-reflexive,T06,reflexive,propose,1,3.5814567640190944,dependencies,1,10,616,256,872,0,179,
T06-r2-reflexive,T06,reflexive,critique,2,2.5306785670109093,dependencies,1,10,725,166,891,0,149,
T06-r2-parallel,T06,parallel,branch_data,1,2.5589048489928246,dependencies,1,10,631,238,869,0,161,
T06-r2-parallel,T06,parallel,branch_constraints,2,4.251352738006972,dependencies,1,10,636,318,954,0,241,
T06-r2-parallel,T06,parallel,merge,3,1.279867802048102,dependencies,1,10,767,127,894,0,50,
T06-r2-single,T06,single,single,1,2.9190978130791336,dependencies,1,10,612,237,849,0,160,
T06-r2-sage_single,T06,sage_single,sage_propose,1,3.2047826889902353,dependencies,1,0,566,232,798,0,147,
T06-r2-sequential,T06,sequential,extract,1,5.7040935209952295,dependencies,1,10,627,388,1015,0,260,
T06-r2-sequential,T06,sequential,solve,2,2.4973212409531698,dependencies,1,10,747,130,877,0,53,
T06-r2-sequential,T06,sequential,finalize,3,2.0789127039024606,dependencies,1,10,695,144,839,0,67,
T06-r2-hierarchical_all_skills,T06,hierarchical_all_skills,plan,1,1.822594447992742,ledger|schedule|dependencies|selection|memory|sql|file_edits|reminders|conversation|incident_triage,10,10,1663,89,1752,0,20,
T06-r2-hierarchical_all_skills,T06,hierarchical_all_skills,worker,2,4.2682336090365425,ledger|schedule|dependencies|selection|memory|sql|file_edits|reminders|conversation|incident_triage,10,10,1674,251,1925,0,174,
T06-r2-hierarchical_all_skills,T06,hierarchical_all_skills,worker,3,4.231681057950482,ledger|schedule|dependencies|selection|memory|sql|file_edits|reminders|conversation|incident_triage,10,10,1675,239,1914,0,162,
T06-r2-hierarchical_all_skills,T06,hierarchical_all_skills,merge,4,2.5324879629770294,ledger|schedule|dependencies|selection|memory|sql|file_edits|reminders|conversation|incident_triage,10,10,1849,171,2020,0,94,
T06-r2-sage_all_skills,T06,sage_all_skills,sage_propose,1,4.2618341610068455,ledger|schedule|dependencies|selection|memory|sql|file_edits|reminders|conversation|incident_triage,10,0,1585,257,1842,0,172,
T06-r2-sage_all_skills,T06,sage_all_skills,sage_independent,2,5.777893383987248,ledger|schedule|dependencies|selection|memory|sql|file_edits|reminders|conversation|incident_triage,10,0,1570,331,1901,0,246,
T04-r1-single,T04,single,single,1,5.0436129180016,schedule,1,10,589,391,980,0,365,
T04-r1-sequential,T04,sequential,extract,1,4.416526329005137,schedule,1,10,604,347,951,0,321,
T04-r1-sequential,T04,sequential,solve,2,3.637816807953641,schedule,1,10,623,334,957,0,308,
T04-r1-sequential,T04,sequential,finalize,3,3.681409206939861,schedule,1,10,621,350,971,0,324,
T04-r1-hierarchical,T04,hierarchical,plan,1,1.714578888961114,schedule,1,10,621,109,730,0,24,
T04-r1-hierarchical,T04,hierarchical,worker,2,6.630822277977131,schedule,1,10,630,462,1092,0,331,
T04-r1-hierarchical,T04,hierarchical,worker,3,5.92113992292434,schedule,1,10,651,340,991,0,314,
T04-r1-hierarchical,T04,hierarchical,merge,4,5.739287176984362,schedule,1,10,825,661,1486,0,635,
T04-r1-reflexive,T04,reflexive,propose,1,3.678156728972681,schedule,1,10,593,394,987,0,368,
T04-r1-reflexive,T04,reflexive,critique,2,4.94448669697158,schedule,1,10,651,346,997,0,273,
T04-r1-reflexive,T04,reflexive,revise,3,7.201839291024953,schedule,1,10,694,539,1233,0,513,
T04-r1-reflexive,T04,reflexive,critique,4,4.918393263942562,schedule,1,10,651,427,1078,0,362,
T04-r1-reflexive,T04,reflexive,revise,5,4.593151674955152,schedule,1,10,686,369,1055,0,343,
T04-r1-parallel,T04,parallel,branch_data,1,5.116824670927599,schedule,1,10,608,354,962,0,328,
T04-r1-parallel,T04,parallel,branch_constraints,2,4.115295659052208,schedule,1,10,613,361,974,0,335,
T04-r1-parallel,T04,parallel,merge,3,2.7370421320665628,schedule,1,10,642,348,990,0,322,
T04-r1-sage_single,T04,sage_single,sage_propose,1,4.703865527058952,schedule,1,0,543,366,909,0,332,
T04-r1-hierarchical_all_skills,T04,hierarchical_all_skills,plan,1,2.205567588098347,ledger|schedule|dependencies|selection|memory|sql|file_edits|reminders|conversation|incident_triage,10,10,1633,120,1753,1630,25,
T04-r1-hierarchical_all_skills,T04,hierarchical_all_skills,worker,2,4.863964606891386,ledger|schedule|dependencies|selection|memory|sql|file_edits|reminders|conversation|incident_triage,10,10,1665,328,1993,0,302,
T04-r1-hierarchical_all_skills,T04,hierarchical_all_skills,worker,3,5.566106740036048,ledger|schedule|dependencies|selection|memory|sql|file_edits|reminders|conversation|incident_triage,10,10,1650,381,2031,0,355,
T04-r1-hierarchical_all_skills,T04,hierarchical_all_skills,merge,4,3.9468459599884227,ledger|schedule|dependencies|selection|memory|sql|file_edits|reminders|conversation|incident_triage,10,10,1743,366,2109,0,340,
T04-r1-sage_all_skills,T04,sage_all_skills,sage_propose,1,5.735753307002597,ledger|schedule|dependencies|selection|memory|sql|file_edits|reminders|conversation|incident_triage,10,0,1555,394,1949,1552,360,
T04-r1-sage,T04,sage,sage_propose,1,4.619978092960082,schedule,1,0,543,360,903,0,326,
T12-r2-parallel,T12,parallel,branch_data,1,2.9510186039842665,sql,1,10,537,316,853,0,121,
T12-r2-parallel,T12,parallel,branch_constraints,2,8.435973920975812,sql,1,10,542,751,1293,0,513,
T12-r2-parallel,T12,parallel,merge,3,2.764017364010215,sql,1,10,951,296,1247,0,101,
T12-r2-hierarchical_all_skills,T12,hierarchical_all_skills,plan,1,2.026043695048429,ledger|schedule|dependencies|selection|memory|sql|file_edits|reminders|conversation|incident_triage,10,10,1555,118,1673,0,22,
T12-r2-hierarchical_all_skills,T12,hierarchical_all_skills,worker,2,5.528168766060844,ledger|schedule|dependencies|selection|memory|sql|file_edits|reminders|conversation|incident_triage,10,10,1583,433,2016,0,158,
T12-r2-hierarchical_all_skills,T12,hierarchical_all_skills,worker,3,6.803212682949379,ledger|schedule|dependencies|selection|memory|sql|file_edits|reminders|conversation|incident_triage,10,10,1577,577,2154,0,332,
T12-r2-hierarchical_all_skills,T12,hierarchical_all_skills,merge,4,5.823427853058092,ledger|schedule|dependencies|selection|memory|sql|file_edits|reminders|conversation|incident_triage,10,10,2133,264,2397,0,76,
T12-r2-single,T12,single,single,1,7.666741361026652,sql,1,10,518,669,1187,0,426,
T12-r2-sage,T12,sage,sage_propose,1,8.16558529494796,sql,1,0,472,638,1110,0,383,
T12-r2-sage,T12,sage,sage_review,2,2.900566234951839,sql,1,0,766,324,1090,0,76,
T12-r2-sequential,T12,sequential,extract,1,5.321021244977601,sql,1,10,533,361,894,0,138,
T12-r2-sequential,T12,sequential,solve,2,4.981725772027858,sql,1,10,749,459,1208,0,223,
T12-r2-sequential,T12,sequential,finalize,3,5.2729400439420715,sql,1,10,759,318,1077,0,81,
T12-r2-hierarchical,T12,hierarchical,plan,1,2.104576354031451,sql,1,10,550,123,673,0,24,
T12-r2-hierarchical,T12,hierarchical,worker,2,5.692001546965912,sql,1,10,578,450,1028,0,187,
T12-r2-hierarchical,T12,hierarchical,worker,3,5.437601745943539,sql,1,10,575,456,1031,0,204,
T12-r2-hierarchical,T12,hierarchical,merge,4,3.169382596970536,sql,1,10,1126,376,1502,0,124,
T12-r2-sage_all_skills,T12,sage_all_skills,sage_propose,1,5.433020793017931,ledger|schedule|dependencies|selection|memory|sql|file_edits|reminders|conversation|incident_triage,10,0,1477,418,1895,0,179,
T12-r2-reflexive,T12,reflexive,propose,1,4.815904811024666,sql,1,10,522,529,1051,0,284,
T12-r2-reflexive,T12,reflexive,critique,2,2.2446987479925156,sql,1,10,799,134,933,0,117,
T12-r2-sage_single,T12,sage_single,sage_propose,1,9.30833237292245,sql,1,0,472,721,1193,0,511,
T03-r1-sequential,T03,sequential,extract,1,6.588424848974682,schedule,1,10,604,503,1107,0,477,
T03-r1-sequential,T03,sequential,solve,2,3.8021688730223104,schedule,1,10,623,317,940,0,291,
T03-r1-sequential,T03,sequential,finalize,3,4.281281689996831,schedule,1,10,621,314,935,0,288,
T03-r1-hierarchical,T03,hierarchical,plan,1,2.2837305740686134,schedule,1,10,621,132,753,0,25,
T03-r1-hierarchical,T03,hierarchical,worker,2,5.261159299057908,schedule,1,10,652,415,1067,0,389,
T03-r1-hierarchical,T03,hierarchical,worker,3,5.4285487870220095,schedule,1,10,651,392,1043,0,366,
T03-r1-hierarchical,T03,hierarchical,merge,4,4.269129150081426,schedule,1,10,743,385,1128,0,359,
T03-r1-sage,T03,sage,sage_propose,1,4.88437064003665,schedule,1,0,543,366,909,0,332,
T03-r1-parallel,T03,parallel,branch_data,1,3.4267568530049175,schedule,1,10,608,397,1005,0,371,
T03-r1-parallel,T03,parallel,branch_constraints,2,4.959898549946956,schedule,1,10,613,427,1040,0,401,
T03-r1-parallel,T03,parallel,merge,3,2.8674464559881017,schedule,1,10,642,375,1017,0,349,
T03-r1-sage_single,T03,sage_single,sage_propose,1,4.522989615914412,schedule,1,0,543,344,887,0,310,
T03-r1-reflexive,T03,reflexive,propose,1,2.83615737198852,schedule,1,10,593,329,922,0,303,
T03-r1-reflexive,T03,reflexive,critique,2,4.428473221953027,schedule,1,10,651,320,971,0,303,
T03-r1-single,T03,single,single,1,3.111053395899944,schedule,1,10,589,321,910,0,295,
T03-r1-hierarchical_all_skills,T03,hierarchical_all_skills,plan,1,2.352890301030129,ledger|schedule|dependencies|selection|memory|sql|file_edits|reminders|conversation|incident_triage,10,10,1633,137,1770,0,41,
T03-r1-hierarchical_all_skills,T03,hierarchical_all_skills,worker,2,4.7473838130244985,ledger|schedule|dependencies|selection|memory|sql|file_edits|reminders|conversation|incident_triage,10,10,1663,402,2065,0,376,
T03-r1-hierarchical_all_skills,T03,hierarchical_all_skills,worker,3,4.271946349996142,ledger|schedule|dependencies|selection|memory|sql|file_edits|reminders|conversation|incident_triage,10,10,1653,342,1995,0,316,
T03-r1-hierarchical_all_skills,T03,hierarchical_all_skills,merge,4,5.778726347954944,ledger|schedule|dependencies|selection|memory|sql|file_edits|reminders|conversation|incident_triage,10,10,1744,736,2480,0,710,
T03-r1-sage_all_skills,T03,sage_all_skills,sage_propose,1,6.779673254000954,ledger|schedule|dependencies|selection|memory|sql|file_edits|reminders|conversation|incident_triage,10,0,1555,496,2051,0,462,
T06-r1-sage_all_skills,T06,sage_all_skills,sage_propose,1,5.080593363032676,ledger|schedule|dependencies|selection|memory|sql|file_edits|reminders|conversation|incident_triage,10,0,1585,300,1885,1582,215,
T06-r1-sage_all_skills,T06,sage_all_skills,sage_independent,2,4.033081233035773,ledger|schedule|dependencies|selection|memory|sql|file_edits|reminders|conversation|incident_triage,10,0,1570,243,1813,1567,158,
T06-r1-hierarchical_all_skills,T06,hierarchical_all_skills,plan,1,1.8767574049998075,ledger|schedule|dependencies|selection|memory|sql|file_edits|reminders|conversation|incident_triage,10,10,1663,113,1776,1660,25,
T06-r1-hierarchical_all_skills,T06,hierarchical_all_skills,worker,2,3.8941149230813608,ledger|schedule|dependencies|selection|memory|sql|file_edits|reminders|conversation|incident_triage,10,10,1682,238,1920,0,161,
T06-r1-hierarchical_all_skills,T06,hierarchical_all_skills,worker,3,4.72781811200548,ledger|schedule|dependencies|selection|memory|sql|file_edits|reminders|conversation|incident_triage,10,10,1686,218,1904,0,141,
T06-r1-hierarchical_all_skills,T06,hierarchical_all_skills,merge,4,1.4291898530209437,ledger|schedule|dependencies|selection|memory|sql|file_edits|reminders|conversation|incident_triage,10,10,1868,75,1943,0,0,
T06-r1-parallel,T06,parallel,branch_data,1,2.489445035927929,dependencies,1,10,631,238,869,0,161,
T06-r1-parallel,T06,parallel,branch_constraints,2,2.942397854058072,dependencies,1,10,636,247,883,0,170,
T06-r1-parallel,T06,parallel,merge,3,1.029797364026308,dependencies,1,10,767,75,842,0,0,
T06-r1-sage_single,T06,sage_single,sage_propose,1,3.5923800100572407,dependencies,1,0,566,253,819,0,168,
T06-r1-reflexive,T06,reflexive,propose,1,2.5670665620127693,dependencies,1,10,616,243,859,0,166,
T06-r1-reflexive,T06,reflexive,critique,2,2.2466152670094743,dependencies,1,10,725,161,886,0,144,
T06-r1-single,T06,single,single,1,2.5046135670272633,dependencies,1,10,612,240,852,0,163,
T06-r1-hierarchical,T06,hierarchical,plan,1,1.773919773986563,dependencies,1,10,644,105,749,0,24,
T06-r1-hierarchical,T06,hierarchical,worker,2,2.9105871190549806,dependencies,1,10,656,212,868,0,135,
T06-r1-hierarchical,T06,hierarchical,worker,3,3.439601869904436,dependencies,1,10,667,249,916,0,172,
T06-r1-hierarchical,T06,hierarchical,merge,4,2.186409207060933,dependencies,1,10,842,148,990,0,71,
T06-r1-sage,T06,sage,sage_propose,1,3.504150102031417,dependencies,1,0,566,233,799,0,148,
T06-r1-sage,T06,sage,sage_independent,2,1.8275754279457033,dependencies,1,0,551,240,791,0,155,
T06-r1-sequential,T06,sequential,extract,1,5.08623327803798,dependencies,1,10,627,376,1003,0,211,
T06-r1-sequential,T06,sequential,solve,2,1.8134904010221362,dependencies,1,10,784,120,904,0,43,
T06-r1-sequential,T06,sequential,finalize,3,2.9431922149378806,dependencies,1,10,695,208,903,0,131,
T11-r2-sage_all_skills,T11,sage_all_skills,sage_propose,1,5.90375632699579,ledger|schedule|dependencies|selection|memory|sql|file_edits|reminders|conversation|incident_triage,10,0,1468,416,1884,0,227,
T11-r2-hierarchical_all_skills,T11,hierarchical_all_skills,plan,1,2.1478073720354587,ledger|schedule|dependencies|selection|memory|sql|file_edits|reminders|conversation|incident_triage,10,10,1546,131,1677,0,27,
T11-r2-hierarchical_all_skills,T11,hierarchical_all_skills,worker,2,4.203493122011423,ledger|schedule|dependencies|selection|memory|sql|file_edits|reminders|conversation|incident_triage,10,10,1580,312,1892,0,128,
T11-r2-hierarchical_all_skills,T11,hierarchical_all_skills,worker,3,5.584566908073612,ledger|schedule|dependencies|selection|memory|sql|file_edits|reminders|conversation|incident_triage,10,10,1570,497,2067,0,290,
T11-r2-hierarchical_all_skills,T11,hierarchical_all_skills,merge,4,3.2669930739793926,ledger|schedule|dependencies|selection|memory|sql|file_edits|reminders|conversation|incident_triage,10,10,2003,265,2268,0,78,
T11-r2-sage,T11,sage,sage_propose,1,4.383128443034366,sql,1,0,463,359,822,0,167,
T11-r2-sequential,T11,sequential,extract,1,5.709994751960039,sql,1,10,524,381,905,0,76,
T11-r2-sequential,T11,sequential,solve,2,2.9599384299945086,sql,1,10,821,272,1093,0,78,
T11-r2-sequential,T11,sequential,finalize,3,5.450656708097085,sql,1,10,708,245,953,0,51,
T11-r2-reflexive,T11,reflexive,propose,1,6.201332569005899,sql,1,10,513,608,1121,0,403,
T11-r2-reflexive,T11,reflexive,critique,2,2.117052446003072,sql,1,10,750,104,854,0,87,
T11-r2-single,T11,single,single,1,2.335263831075281,sql,1,10,509,283,792,0,112,
T11-r2-parallel,T11,parallel,branch_data,1,3.378046636004001,sql,1,10,528,383,911,0,193,
T11-r2-parallel,T11,parallel,branch_constraints,2,4.5939564649015665,sql,1,10,533,409,942,0,175,
T11-r2-parallel,T11,parallel,merge,3,2.381349034025334,sql,1,10,932,285,1217,0,51,
T11-r2-sage_single,T11,sage_single,sage_propose,1,5.4263762820046395,sql,1,0,463,454,917,0,241,
T11-r2-hierarchical,T11,hierarchical,plan,1,2.2864371889736503,sql,1,10,541,120,661,0,23,
T11-r2-hierarchical,T11,hierarchical,worker,2,4.863790064002387,sql,1,10,563,390,953,0,185,
T11-r2-hierarchical,T11,hierarchical,worker,3,5.313178676064126,sql,1,10,570,435,1005,0,194,
T11-r2-hierarchical,T11,hierarchical,merge,4,2.733630759990774,sql,1,10,1046,296,1342,0,55,
T05-r1-parallel,T05,parallel,branch_data,1,2.709949844982475,dependencies,1,10,627,286,913,0,207,
T05-r1-parallel,T05,parallel,branch_constraints,2,3.7773741490673274,dependencies,1,10,632,318,950,0,239,
T05-r1-parallel,T05,parallel,merge,3,2.0337928869994357,dependencies,1,10,767,173,940,0,94,
T05-r1-hierarchical_all_skills,T05,hierarchical_all_skills,plan,1,1.3366021270630881,ledger|schedule|dependencies|selection|memory|sql|file_edits|reminders|conversation|incident_triage,10,10,1659,64,1723,1656,0,
T05-r1-hierarchical_all_skills,T05,hierarchical_all_skills,worker,2,3.4978933490347117,ledger|schedule|dependencies|selection|memory|sql|file_edits|reminders|conversation|incident_triage,10,10,1668,230,1898,0,151,
T05-r1-hierarchical_all_skills,T05,hierarchical_all_skills,worker,3,4.317145258071832,ledger|schedule|dependencies|selection|memory|sql|file_edits|reminders|conversation|incident_triage,10,10,1670,260,1930,0,181,
T05-r1-hierarchical_all_skills,T05,hierarchical_all_skills,merge,4,1.0260006909957156,ledger|schedule|dependencies|selection|memory|sql|file_edits|reminders|conversation|incident_triage,10,10,1846,77,1923,0,0,
T05-r1-sequential,T05,sequential,extract,1,3.2485954320291057,dependencies,1,10,623,240,863,0,161,
T05-r1-sequential,T05,sequential,solve,2,3.165425213985145,dependencies,1,10,695,266,961,0,187,
T05-r1-sequential,T05,sequential,finalize,3,4.510772311012261,dependencies,1,10,693,313,1006,0,234,
T05-r1-single,T05,single,single,1,1.99509374902118,dependencies,1,10,608,262,870,0,183,
T05-r1-hierarchical,T05,hierarchical,plan,1,1.9142614069860429,dependencies,1,10,640,96,736,0,24,
T05-r1-hierarchical,T05,hierarchical,worker,2,3.6028586809989065,dependencies,1,10,652,253,905,0,174,
T05-r1-hierarchical,T05,hierarchical,worker,3,4.7101502899313346,dependencies,1,10,654,328,982,0,249,
T05-r1-hierarchical,T05,hierarchical,merge,4,1.9959935130318627,dependencies,1,10,833,184,1017,0,105,
T05-r1-sage_single,T05,sage_single,sage_propose,1,3.9783951190765947,dependencies,1,0,562,266,828,0,179,
T05-r1-sage,T05,sage,sage_propose,1,3.435946866055019,dependencies,1,0,562,235,797,0,148,
T05-r1-sage,T05,sage,sage_independent,2,4.399077971931547,dependencies,1,0,547,294,841,0,207,
T05-r1-sage,T05,sage,sage_review,3,2.541560963029042,dependencies,1,0,770,225,995,0,146,
T05-r1-reflexive,T05,reflexive,propose,1,3.0029783099889755,dependencies,1,10,612,237,849,0,158,
T05-r1-reflexive,T05,reflexive,critique,2,2.1129023070679978,dependencies,1,10,723,147,870,0,130,
T05-r1-sage_all_skills,T05,sage_all_skills,sage_propose,1,4.693240420892835,ledger|schedule|dependencies|selection|memory|sql|file_edits|reminders|conversation|incident_triage,10,0,1581,317,1898,1578,230,
T05-r1-sage_all_skills,T05,sage_all_skills,sage_independent,2,3.784244262962602,ledger|schedule|dependencies|selection|memory|sql|file_edits|reminders|conversation|incident_triage,10,0,1566,326,1892,1563,239,
T11-r1-sage_single,T11,sage_single,sage_propose,1,4.431219965103082,sql,1,0,463,344,807,0,163,
T11-r1-hierarchical,T11,hierarchical,plan,1,1.8545587700791657,sql,1,10,541,122,663,0,26,
T11-r1-hierarchical,T11,hierarchical,worker,2,6.702646923018619,sql,1,10,571,308,879,0,107,
T11-r1-hierarchical,T11,hierarchical,worker,3,7.618575742002577,sql,1,10,561,608,1169,0,435,
T11-r1-hierarchical,T11,hierarchical,merge,4,3.0169200700474903,sql,1,10,973,199,1172,0,0,
T11-r1-hierarchical_all_skills,T11,hierarchical_all_skills,plan,1,1.9843705960083753,ledger|schedule|dependencies|selection|memory|sql|file_edits|reminders|conversation|incident_triage,10,10,1546,134,1680,1543,24,
T11-r1-hierarchical_all_skills,T11,hierarchical_all_skills,worker,2,3.5694934339262545,ledger|schedule|dependencies|selection|memory|sql|file_edits|reminders|conversation|incident_triage,10,10,1580,279,1859,0,78,
T11-r1-hierarchical_all_skills,T11,hierarchical_all_skills,worker,3,4.802644970011897,ledger|schedule|dependencies|selection|memory|sql|file_edits|reminders|conversation|incident_triage,10,10,1576,387,1963,0,209,
T11-r1-hierarchical_all_skills,T11,hierarchical_all_skills,merge,4,2.864634928992018,ledger|schedule|dependencies|selection|memory|sql|file_edits|reminders|conversation|incident_triage,10,10,1997,289,2286,0,88,
T11-r1-parallel,T11,parallel,branch_data,1,3.438281216076575,sql,1,10,528,366,894,0,195,
T11-r1-parallel,T11,parallel,branch_constraints,2,3.996473790029995,sql,1,10,533,395,928,0,190,
T11-r1-parallel,T11,parallel,merge,3,1.3842998079489917,sql,1,10,885,169,1054,0,0,
T11-r1-reflexive,T11,reflexive,propose,1,3.6896746520651504,sql,1,10,513,367,880,0,166,
T11-r1-reflexive,T11,reflexive,critique,2,2.025862948037684,sql,1,10,746,102,848,0,85,
T11-r1-sage_all_skills,T11,sage_all_skills,sage_propose,1,5.252571998047642,ledger|schedule|dependencies|selection|memory|sql|file_edits|reminders|conversation|incident_triage,10,0,1468,371,1839,1465,180,
T11-r1-sage,T11,sage,sage_propose,1,6.229251376003958,sql,1,0,463,425,888,0,170,
T11-r1-sage,T11,sage,sage_review,2,3.2326461110496894,sql,1,0,757,296,1053,0,49,
T11-r1-single,T11,single,single,1,2.6913767990190536,sql,1,10,509,272,781,0,84,
T11-r1-sequential,T11,sequential,extract,1,4.7325441458960995,sql,1,10,524,364,888,0,157,
T11-r1-sequential,T11,sequential,solve,2,2.766175023978576,sql,1,10,723,245,968,0,38,
T11-r1-sequential,T11,sequential,finalize,3,2.4527016959618777,sql,1,10,721,257,978,0,50,
T09-r1-hierarchical_all_skills,T09,hierarchical_all_skills,plan,1,1.8829136870335788,ledger|schedule|dependencies|selection|memory|sql|file_edits|reminders|conversation|incident_triage,10,10,2015,133,2148,0,25,
T09-r1-hierarchical_all_skills,T09,hierarchical_all_skills,worker,2,3.9299585899570957,ledger|schedule|dependencies|selection|memory|sql|file_edits|reminders|conversation|incident_triage,10,10,2045,260,2305,0,199,
T09-r1-hierarchical_all_skills,T09,hierarchical_all_skills,worker,3,3.384966608020477,ledger|schedule|dependencies|selection|memory|sql|file_edits|reminders|conversation|incident_triage,10,10,2047,232,2279,0,171,
T09-r1-hierarchical_all_skills,T09,hierarchical_all_skills,merge,4,0.9563032189616933,ledger|schedule|dependencies|selection|memory|sql|file_edits|reminders|conversation|incident_triage,10,10,2206,59,2265,0,0,
T09-r1-sequential,T09,sequential,extract,1,4.516089754994027,memory,1,10,983,237,1220,0,176,
T09-r1-sequential,T09,sequential,solve,2,2.2493712729774415,memory,1,10,1036,187,1223,0,126,
T09-r1-sequential,T09,sequential,finalize,3,2.3076009979704395,memory,1,10,1034,184,1218,0,123,
T09-r1-reflexive,T09,reflexive,propose,1,10.19517497997731,memory,1,10,972,282,1254,0,221,
T09-r1-reflexive,T09,reflexive,critique,2,2.149427875992842,memory,1,10,1065,149,1214,0,132,
T09-r1-sage,T09,sage,sage_propose,1,3.5561241259565577,memory,1,0,922,226,1148,0,158,
T09-r1-sage_single,T09,sage_single,sage_propose,1,4.55909435194917,memory,1,0,922,268,1190,0,200,
T09-r1-sage_all_skills,T09,sage_all_skills,sage_propose,1,4.1155453430255875,ledger|schedule|dependencies|selection|memory|sql|file_edits|reminders|conversation|incident_triage,10,0,1937,236,2173,0,168,
T09-r1-single,T09,single,single,1,2.766350041027181,memory,1,10,968,235,1203,0,174,
T09-r1-hierarchical,T09,hierarchical,plan,1,2.032959591015242,memory,1,10,1000,122,1122,0,26,
T09-r1-hierarchical,T09,hierarchical,worker,2,3.548443603911437,memory,1,10,1024,251,1275,0,190,
T09-r1-hierarchical,T09,hierarchical,worker,3,3.621740050963126,memory,1,10,1026,254,1280,0,193,
T09-r1-hierarchical,T09,hierarchical,merge,4,0.9224981639999896,memory,1,10,1179,59,1238,0,0,
T09-r1-parallel,T09,parallel,branch_data,1,2.399241700884886,memory,1,10,987,220,1207,0,159,
T09-r1-parallel,T09,parallel,branch_constraints,2,2.8247106990311295,memory,1,10,992,220,1212,0,159,
T09-r1-parallel,T09,parallel,merge,3,2.236939148977399,memory,1,10,1089,157,1246,0,96,
T07-r1-sage_all_skills,T07,sage_all_skills,sage_propose,1,11.165615124977194,ledger|schedule|dependencies|selection|memory|sql|file_edits|reminders|conversation|incident_triage,10,0,1658,591,2249,0,550,
T07-r1-sage_all_skills,T07,sage_all_skills,sage_independent,2,6.863592721987516,ledger|schedule|dependencies|selection|memory|sql|file_edits|reminders|conversation|incident_triage,10,0,1643,557,2200,0,516,
T07-r1-parallel,T07,parallel,branch_data,1,9.025113462936133,selection,1,10,704,825,1529,0,792,
T07-r1-parallel,T07,parallel,branch_constraints,2,11.337222374975681,selection,1,10,709,1024,1733,0,991,
T07-r1-parallel,T07,parallel,merge,3,2.1682204919634387,selection,1,10,752,197,949,0,164,
T07-r1-sage,T07,sage,sage_propose,1,14.611717844964005,selection,1,0,639,951,1590,0,910,
T07-r1-sage,T07,sage,sage_independent,2,7.701207934063859,selection,1,0,624,624,1248,0,583,
T07-r1-sequential,T07,sequential,extract,1,10.197883394081146,selection,1,10,700,549,1249,0,516,
T07-r1-sequential,T07,sequential,solve,2,5.9938921050634235,selection,1,10,726,473,1199,0,440,
T07-r1-sequential,T07,sequential,finalize,3,2.207150546950288,selection,1,10,724,166,890,0,133,
T07-r1-reflexive,T07,reflexive,propose,1,8.63645315694157,selection,1,10,689,749,1438,0,716,
T07-r1-reflexive,T07,reflexive,critique,2,4.5958347079576924,selection,1,10,754,341,1095,0,324,
T07-r1-single,T07,single,single,1,8.671436713077128,selection,1,10,685,820,1505,0,787,
T07-r1-hierarchical,T07,hierarchical,plan,1,1.9579635569825768,selection,1,10,717,138,855,0,41,
T07-r1-hierarchical,T07,hierarchical,worker,2,12.746177672990598,selection,1,10,743,959,1702,0,926,
T07-r1-hierarchical,T07,hierarchical,worker,3,2.6308344670105726,selection,1,10,742,205,947,0,172,
T07-r1-hierarchical,T07,hierarchical,merge,4,0.708377585047856,selection,1,10,843,31,874,0,0,
T07-r1-hierarchical_all_skills,T07,hierarchical_all_skills,plan,1,1.992217128048651,ledger|schedule|dependencies|selection|memory|sql|file_edits|reminders|conversation|incident_triage,10,10,1736,133,1869,0,45,
T07-r1-hierarchical_all_skills,T07,hierarchical_all_skills,worker,2,6.9127934409771115,ledger|schedule|dependencies|selection|memory|sql|file_edits|reminders|conversation|incident_triage,10,10,1764,466,2230,0,433,
T07-r1-hierarchical_all_skills,T07,hierarchical_all_skills,worker,3,8.635063427034765,ledger|schedule|dependencies|selection|memory|sql|file_edits|reminders|conversation|incident_triage,10,10,1750,612,2362,0,579,
T07-r1-hierarchical_all_skills,T07,hierarchical_all_skills,merge,4,1.3580099160317332,ledger|schedule|dependencies|selection|memory|sql|file_edits|reminders|conversation|incident_triage,10,10,1853,109,1962,0,76,
T07-r1-sage_single,T07,sage_single,sage_propose,1,3.878037868067622,selection,1,0,639,231,870,0,190,
T10-r1-sage_single,T10,sage_single,sage_propose,1,2.5598491800483316,memory,1,0,932,139,1071,0,95,
T10-r1-reflexive,T10,reflexive,propose,1,2.518982632085681,memory,1,10,982,186,1168,0,149,
T10-r1-reflexive,T10,reflexive,critique,2,2.0231212419457734,memory,1,10,1051,138,1189,0,121,
T10-r1-sage_all_skills,T10,sage_all_skills,sage_propose,1,2.9042333759134635,ledger|schedule|dependencies|selection|memory|sql|file_edits|reminders|conversation|incident_triage,10,0,1947,151,2098,1944,107,
T10-r1-single,T10,single,single,1,3.177491568028927,memory,1,10,978,195,1173,0,158,
T10-r1-sage,T10,sage,sage_propose,1,3.5536027119960636,memory,1,0,932,230,1162,0,186,
T10-r1-hierarchical_all_skills,T10,hierarchical_all_skills,plan,1,2.9658541140379384,ledger|schedule|dependencies|selection|memory|sql|file_edits|reminders|conversation|incident_triage,10,10,2025,141,2166,2022,51,
T10-r1-hierarchical_all_skills,T10,hierarchical_all_skills,worker,2,2.5508809719467536,ledger|schedule|dependencies|selection|memory|sql|file_edits|reminders|conversation|incident_triage,10,10,2048,135,2183,0,98,
T10-r1-hierarchical_all_skills,T10,hierarchical_all_skills,worker,3,2.237001008936204,ledger|schedule|dependencies|selection|memory|sql|file_edits|reminders|conversation|incident_triage,10,10,2046,158,2204,0,121,
T10-r1-hierarchical_all_skills,T10,hierarchical_all_skills,merge,4,1.562767799012363,ledger|schedule|dependencies|selection|memory|sql|file_edits|reminders|conversation|incident_triage,10,10,2150,103,2253,0,66,
T10-r1-hierarchical,T10,hierarchical,plan,1,1.7259395529981703,memory,1,10,1010,131,1141,0,26,
T10-r1-hierarchical,T10,hierarchical,worker,2,2.697466998011805,memory,1,10,1041,144,1185,0,107,
T10-r1-hierarchical,T10,hierarchical,worker,3,2.3185972829815,memory,1,10,1038,152,1190,0,115,
T10-r1-hierarchical,T10,hierarchical,merge,4,1.7443310999078676,memory,1,10,1150,132,1282,0,95,
T10-r1-sequential,T10,sequential,extract,1,2.9204071179265156,memory,1,10,993,171,1164,0,134,
T10-r1-sequential,T10,sequential,solve,2,2.0265695250127465,memory,1,10,1022,139,1161,0,102,
T10-r1-sequential,T10,sequential,finalize,3,1.9148963489569724,memory,1,10,1020,138,1158,0,101,
T10-r1-parallel,T10,parallel,branch_data,1,3.9146461439086124,memory,1,10,997,160,1157,0,123,
T10-r1-parallel,T10,parallel,branch_constraints,2,4.54187724692747,memory,1,10,1002,377,1379,0,340,
T10-r1-parallel,T10,parallel,merge,3,1.5291103550698608,memory,1,10,1051,139,1190,1048,102,
T09-r2-parallel,T09,parallel,branch_data,1,2.1347072809003294,memory,1,10,987,216,1203,0,155,
T09-r2-parallel,T09,parallel,branch_constraints,2,3.1200086750322953,memory,1,10,992,270,1262,0,209,
T09-r2-parallel,T09,parallel,merge,3,1.802437865990214,memory,1,10,1089,177,1266,0,116,
T09-r2-sage_single,T09,sage_single,sage_propose,1,3.2999958619475365,memory,1,0,922,255,1177,0,187,
T09-r2-single,T09,single,single,1,2.7235615310491994,memory,1,10,968,250,1218,0,189,
T09-r2-hierarchical,T09,hierarchical,plan,1,2.376030314946547,memory,1,10,1000,130,1130,0,24,
T09-r2-hierarchical,T09,hierarchical,worker,2,7.48406145197805,memory,1,10,1028,232,1260,0,171,
T09-r2-hierarchical,T09,hierarchical,worker,3,2.700621047988534,memory,1,10,1032,222,1254,0,161,
T09-r2-hierarchical,T09,hierarchical,merge,4,1.5018547030631453,memory,1,10,1189,150,1339,0,89,
T09-r2-sage,T09,sage,sage_propose,1,3.6271129050292075,memory,1,0,922,235,1157,0,167,
T09-r2-sage_all_skills,T09,sage_all_skills,sage_propose,1,3.7766727519920096,ledger|schedule|dependencies|selection|memory|sql|file_edits|reminders|conversation|incident_triage,10,0,1937,253,2190,1934,185,
T09-r2-hierarchical_all_skills,T09,hierarchical_all_skills,plan,1,2.623682960984297,ledger|schedule|dependencies|selection|memory|sql|file_edits|reminders|conversation|incident_triage,10,10,2015,145,2160,2012,42,
T09-r2-hierarchical_all_skills,T09,hierarchical_all_skills,worker,2,3.0911010489799082,ledger|schedule|dependencies|selection|memory|sql|file_edits|reminders|conversation|incident_triage,10,10,2043,247,2290,0,186,
T09-r2-hierarchical_all_skills,T09,hierarchical_all_skills,worker,3,3.1998306420864537,ledger|schedule|dependencies|selection|memory|sql|file_edits|reminders|conversation|incident_triage,10,10,2044,229,2273,0,168,
T09-r2-hierarchical_all_skills,T09,hierarchical_all_skills,merge,4,1.3789983389433473,ledger|schedule|dependencies|selection|memory|sql|file_edits|reminders|conversation|incident_triage,10,10,2201,121,2322,0,60,
T09-r2-reflexive,T09,reflexive,propose,1,2.786360783968121,memory,1,10,972,240,1212,0,179,
T09-r2-reflexive,T09,reflexive,critique,2,2.1743854909436777,memory,1,10,1065,172,1237,0,155,
T09-r2-sequential,T09,sequential,extract,1,2.5012011720100418,memory,1,10,983,208,1191,0,147,
T09-r2-sequential,T09,sequential,solve,2,2.414137980900705,memory,1,10,1036,196,1232,0,135,
T09-r2-sequential,T09,sequential,finalize,3,2.407867677975446,memory,1,10,1034,189,1223,0,128,
T01-r1-single,T01,single,single,1,3.003142224973999,ledger,1,10,1136,286,1422,1133,238,
T01-r1-hierarchical_all_skills,T01,hierarchical_all_skills,plan,1,1.6442040239926428,ledger|schedule|dependencies|selection|memory|sql|file_edits|reminders|conversation|incident_triage,10,10,2180,119,2299,2177,24,
T01-r1-hierarchical_all_skills,T01,hierarchical_all_skills,worker,2,3.1105145829496905,ledger|schedule|dependencies|selection|memory|sql|file_edits|reminders|conversation|incident_triage,10,10,2211,269,2480,2208,221,
T01-r1-hierarchical_all_skills,T01,hierarchical_all_skills,worker,3,3.798668681993149,ledger|schedule|dependencies|selection|memory|sql|file_edits|reminders|conversation|incident_triage,10,10,2198,273,2471,0,225,
T01-r1-hierarchical_all_skills,T01,hierarchical_all_skills,merge,4,2.086644069990143,ledger|schedule|dependencies|selection|memory|sql|file_edits|reminders|conversation|incident_triage,10,10,2334,215,2549,0,167,
T01-r1-sage_all_skills,T01,sage_all_skills,sage_propose,1,3.7509203950176015,ledger|schedule|dependencies|selection|memory|sql|file_edits|reminders|conversation|incident_triage,10,0,2102,289,2391,2099,233,
T01-r1-reflexive,T01,reflexive,propose,1,2.4282337779877707,ledger,1,10,1140,285,1425,1137,237,
T01-r1-reflexive,T01,reflexive,critique,2,2.2362354629440233,ledger,1,10,1220,203,1423,1217,186,
T01-r1-hierarchical,T01,hierarchical,plan,1,1.8584924400784075,ledger,1,10,1168,120,1288,1165,24,
T01-r1-hierarchical,T01,hierarchical,worker,2,3.449892063974403,ledger,1,10,1201,296,1497,0,248,
T01-r1-hierarchical,T01,hierarchical,worker,3,3.408539725933224,ledger,1,10,1185,294,1479,0,246,
T01-r1-hierarchical,T01,hierarchical,merge,4,1.26562622806523,ledger,1,10,1323,46,1369,0,0,
T01-r1-sage_single,T01,sage_single,sage_propose,1,3.0882290250156075,ledger,1,0,1090,284,1374,1087,228,
T01-r1-parallel,T01,parallel,branch_data,1,2.491041064960882,ledger,1,10,1155,292,1447,1152,244,
T01-r1-parallel,T01,parallel,branch_constraints,2,3.5074150119908154,ledger,1,10,1160,358,1518,1157,310,
T01-r1-parallel,T01,parallel,merge,3,2.0753793459152803,ledger,1,10,1233,244,1477,1230,196,
T01-r1-sequential,T01,sequential,extract,1,3.4213320669950917,ledger,1,10,1151,265,1416,1148,217,
T01-r1-sequential,T01,sequential,solve,2,2.6446641120128334,ledger,1,10,1192,259,1451,1189,211,
T01-r1-sequential,T01,sequential,finalize,3,2.2568374529946595,ledger,1,10,1190,219,1409,1187,171,
T01-r1-sage,T01,sage,sage_propose,1,4.6474504810757935,ledger,1,0,1090,283,1373,1087,227,
T07-r2-reflexive,T07,reflexive,propose,1,4.635498919989914,selection,1,10,689,379,1068,0,346,
T07-r2-reflexive,T07,reflexive,critique,2,3.6707393690012395,selection,1,10,754,272,1026,0,255,
T07-r2-parallel,T07,parallel,branch_data,1,5.5027007589815184,selection,1,10,704,526,1230,0,493,
T07-r2-parallel,T07,parallel,branch_constraints,2,3.993463600985706,selection,1,10,709,336,1045,0,303,
T07-r2-parallel,T07,parallel,merge,3,2.342298442032188,selection,1,10,752,210,962,0,177,
T07-r2-sequential,T07,sequential,extract,1,8.784178512054496,selection,1,10,700,549,1249,0,516,
T07-r2-sequential,T07,sequential,solve,2,3.1045322340214625,selection,1,10,726,215,941,0,182,
T07-r2-sequential,T07,sequential,finalize,3,4.865798637038097,selection,1,10,724,379,1103,0,346,
T07-r2-single,T07,single,single,1,8.669824800919741,selection,1,10,685,737,1422,0,704,
T07-r2-hierarchical_all_skills,T07,hierarchical_all_skills,plan,1,1.7732685810187832,ledger|schedule|dependencies|selection|memory|sql|file_edits|reminders|conversation|incident_triage,10,10,1736,120,1856,1733,31,
T07-r2-hierarchical_all_skills,T07,hierarchical_all_skills,worker,2,11.23163812700659,ledger|schedule|dependencies|selection|memory|sql|file_edits|reminders|conversation|incident_triage,10,10,1761,850,2611,0,819,
T07-r2-hierarchical_all_skills,T07,hierarchical_all_skills,worker,3,7.288285152055323,ledger|schedule|dependencies|selection|memory|sql|file_edits|reminders|conversation|incident_triage,10,10,1754,507,2261,0,474,
T07-r2-hierarchical_all_skills,T07,hierarchical_all_skills,merge,4,1.9152184289414436,ledger|schedule|dependencies|selection|memory|sql|file_edits|reminders|conversation|incident_triage,10,10,1851,120,1971,0,87,
T07-r2-sage_single,T07,sage_single,sage_propose,1,14.529421842074953,selection,1,0,639,887,1526,0,846,
T07-r2-sage_all_skills,T07,sage_all_skills,sage_propose,1,9.060353201930411,ledger|schedule|dependencies|selection|memory|sql|file_edits|reminders|conversation|incident_triage,10,0,1658,557,2215,1655,516,
T07-r2-sage_all_skills,T07,sage_all_skills,sage_independent,2,9.535480672959238,ledger|schedule|dependencies|selection|memory|sql|file_edits|reminders|conversation|incident_triage,10,0,1643,681,2324,1640,640,
T07-r2-hierarchical,T07,hierarchical,plan,1,2.4179490299429744,selection,1,10,717,127,844,0,26,
T07-r2-hierarchical,T07,hierarchical,worker,2,8.042468677973375,selection,1,10,742,549,1291,0,516,
T07-r2-hierarchical,T07,hierarchical,worker,3,9.67122969601769,selection,1,10,747,742,1489,0,709,
T07-r2-hierarchical,T07,hierarchical,merge,4,1.5048381220549345,selection,1,10,847,121,968,0,88,
T07-r2-sage,T07,sage,sage_propose,1,10.510671603959054,selection,1,0,639,666,1305,0,625,
T07-r2-sage,T07,sage,sage_independent,2,9.735928695066832,selection,1,0,624,710,1334,0,669,
T12-r1-reflexive,T12,reflexive,propose,1,5.151436451007612,sql,1,10,522,529,1051,0,256,
T12-r1-reflexive,T12,reflexive,critique,2,1.689165255986154,sql,1,10,827,93,920,0,76,
T12-r1-hierarchical,T12,hierarchical,plan,1,1.8341683680191636,sql,1,10,550,117,667,0,24,
T12-r1-hierarchical,T12,hierarchical,worker,2,6.762939971988089,sql,1,10,575,588,1163,0,318,
T12-r1-hierarchical,T12,hierarchical,worker,3,5.545543903019279,sql,1,10,572,521,1093,0,276,
T12-r1-hierarchical,T12,hierarchical,merge,4,3.049578001955524,sql,1,10,1120,355,1475,0,109,
T12-r1-single,T12,single,single,1,8.228283525910228,sql,1,10,518,968,1486,0,659,
T12-r1-parallel,T12,parallel,branch_data,1,9.692190915928222,sql,1,10,537,620,1157,0,376,
T12-r1-parallel,T12,parallel,branch_constraints,2,4.160006614984013,sql,1,10,542,392,934,0,117,
T12-r1-parallel,T12,parallel,merge,3,2.670914118993096,sql,1,10,1037,326,1363,0,82,
T12-r1-sage_single,T12,sage_single,sage_propose,1,6.259930661995895,sql,1,0,472,486,958,0,287,
T12-r1-sage,T12,sage,sage_propose,1,6.989870645920746,sql,1,0,472,581,1053,0,368,
T12-r1-sage,T12,sage,sage_review,2,2.781784339924343,sql,1,0,724,319,1043,0,114,
T12-r1-sequential,T12,sequential,extract,1,5.163517205044627,sql,1,10,533,344,877,0,114,
T12-r1-sequential,T12,sequential,solve,2,4.649479335988872,sql,1,10,755,366,1121,0,150,
T12-r1-sequential,T12,sequential,finalize,3,3.236666365992278,sql,1,10,739,276,1015,0,60,
T12-r1-hierarchical_all_skills,T12,hierarchical_all_skills,plan,1,2.092386959004216,ledger|schedule|dependencies|selection|memory|sql|file_edits|reminders|conversation|incident_triage,10,10,1555,125,1680,1552,27,
T12-r1-hierarchical_all_skills,T12,hierarchical_all_skills,worker,2,4.736034673987888,ledger|schedule|dependencies|selection|memory|sql|file_edits|reminders|conversation|incident_triage,10,10,1583,425,2008,0,138,
T12-r1-hierarchical_all_skills,T12,hierarchical_all_skills,worker,3,7.360092199058272,ledger|schedule|dependencies|selection|memory|sql|file_edits|reminders|conversation|incident_triage,10,10,1579,630,2209,0,348,
T12-r1-hierarchical_all_skills,T12,hierarchical_all_skills,merge,4,2.912290337961167,ledger|schedule|dependencies|selection|memory|sql|file_edits|reminders|conversation|incident_triage,10,10,2184,337,2521,0,118,
T12-r1-sage_all_skills,T12,sage_all_skills,sage_propose,1,5.1035213199211285,ledger|schedule|dependencies|selection|memory|sql|file_edits|reminders|conversation|incident_triage,10,0,1477,419,1896,1474,165,
T12-r1-sage_all_skills,T12,sage_all_skills,sage_review,2,3.775310741038993,ledger|schedule|dependencies|selection|memory|sql|file_edits|reminders|conversation|incident_triage,10,0,1768,335,2103,0,91,
T03-r2-sage_all_skills,T03,sage_all_skills,sage_propose,1,7.179646640899591,ledger|schedule|dependencies|selection|memory|sql|file_edits|reminders|conversation|incident_triage,10,0,1555,480,2035,1552,446,
T03-r2-hierarchical,T03,hierarchical,plan,1,1.7556166319409385,schedule,1,10,621,117,738,0,24,
T03-r2-hierarchical,T03,hierarchical,worker,2,9.108085195999593,schedule,1,10,629,541,1170,0,411,
T03-r2-hierarchical,T03,hierarchical,worker,3,4.638285763910972,schedule,1,10,660,397,1057,0,371,
T03-r2-hierarchical,T03,hierarchical,merge,4,3.3916710710618645,schedule,1,10,833,344,1177,0,318,
T03-r2-sequential,T03,sequential,extract,1,4.854328332003206,schedule,1,10,604,339,943,0,313,
T03-r2-sequential,T03,sequential,solve,2,4.388254405930638,schedule,1,10,623,414,1037,0,388,
T03-r2-sequential,T03,sequential,finalize,3,3.6480731279589236,schedule,1,10,621,391,1012,0,365,
T03-r2-sage_single,T03,sage_single,sage_propose,1,5.019589634030126,schedule,1,0,543,384,927,0,350,
T03-r2-hierarchical_all_skills,T03,hierarchical_all_skills,plan,1,1.832080648979172,ledger|schedule|dependencies|selection|memory|sql|file_edits|reminders|conversation|incident_triage,10,10,1633,127,1760,1630,35,
T03-r2-hierarchical_all_skills,T03,hierarchical_all_skills,worker,2,4.256994479917921,ledger|schedule|dependencies|selection|memory|sql|file_edits|reminders|conversation|incident_triage,10,10,1652,367,2019,0,193,
T03-r2-hierarchical_all_skills,T03,hierarchical_all_skills,worker,3,4.8637082719942555,ledger|schedule|dependencies|selection|memory|sql|file_edits|reminders|conversation|incident_triage,10,10,1660,399,2059,0,373,
T03-r2-hierarchical_all_skills,T03,hierarchical_all_skills,merge,4,4.080053957994096,ledger|schedule|dependencies|selection|memory|sql|file_edits|reminders|conversation|incident_triage,10,10,1888,348,2236,0,322,
T03-r2-reflexive,T03,reflexive,propose,1,2.831877449993044,schedule,1,10,593,344,937,0,318,
T03-r2-reflexive,T03,reflexive,critique,2,4.187028190004639,schedule,1,10,651,404,1055,0,340,
T03-r2-reflexive,T03,reflexive,revise,3,4.060840848018415,schedule,1,10,685,465,1150,0,439,
T03-r2-reflexive,T03,reflexive,critique,4,3.668921152013354,schedule,1,10,651,359,1010,0,295,
T03-r2-reflexive,T03,reflexive,revise,5,11.483596032951027,schedule,1,10,685,376,1061,0,350,
T03-r2-parallel,T03,parallel,branch_data,1,3.4711321209324524,schedule,1,10,608,411,1019,0,385,
T03-r2-parallel,T03,parallel,branch_constraints,2,4.159105789032765,schedule,1,10,613,356,969,0,330,
T03-r2-parallel,T03,parallel,merge,3,4.451889282907359,schedule,1,10,642,367,1009,0,341,
T03-r2-sage,T03,sage,sage_propose,1,4.126907092984766,schedule,1,0,543,340,883,0,306,
T03-r2-single,T03,single,single,1,3.9531963020563126,schedule,1,10,589,431,1020,0,405,
T08-r2-reflexive,T08,reflexive,propose,1,13.099125984939747,selection,1,10,689,1141,1830,0,1108,
T08-r2-reflexive,T08,reflexive,critique,2,6.7485045860521495,selection,1,10,754,504,1258,0,487,
T08-r2-hierarchical_all_skills,T08,hierarchical_all_skills,plan,1,2.080973978037946,ledger|schedule|dependencies|selection|memory|sql|file_edits|reminders|conversation|incident_triage,10,10,1736,135,1871,1733,35,
T08-r2-hierarchical_all_skills,T08,hierarchical_all_skills,worker,2,13.900975587079301,ledger|schedule|dependencies|selection|memory|sql|file_edits|reminders|conversation|incident_triage,10,10,1763,1031,2794,0,998,
T08-r2-hierarchical_all_skills,T08,hierarchical_all_skills,worker,3,10.96994522109162,ledger|schedule|dependencies|selection|memory|sql|file_edits|reminders|conversation|incident_triage,10,10,1763,828,2591,0,795,
T08-r2-hierarchical_all_skills,T08,hierarchical_all_skills,merge,4,1.2337254360318184,ledger|schedule|dependencies|selection|memory|sql|file_edits|reminders|conversation|incident_triage,10,10,1865,102,1967,0,69,
T08-r2-single,T08,single,single,1,6.708171742036939,selection,1,10,685,549,1234,0,516,
T08-r2-sage_all_skills,T08,sage_all_skills,sage_propose,1,11.030535442987457,ledger|schedule|dependencies|selection|memory|sql|file_edits|reminders|conversation|incident_triage,10,0,1658,677,2335,1655,636,
T08-r2-sage_all_skills,T08,sage_all_skills,sage_independent,2,10.512650223914534,ledger|schedule|dependencies|selection|memory|sql|file_edits|reminders|conversation|incident_triage,10,0,1643,796,2439,1640,755,
T08-r2-sage,T08,sage,sage_propose,1,7.804494831012562,selection,1,0,639,486,1125,0,445,
T08-r2-sage,T08,sage,sage_independent,2,12.42012430401519,selection,1,0,624,1075,1699,0,1034,
T08-r2-sage,T08,sage,sage_review,3,6.131478951894678,selection,1,0,753,456,1209,0,423,
T08-r2-sequential,T08,sequential,extract,1,13.80355490592774,selection,1,10,700,963,1663,0,930,
T08-r2-sequential,T08,sequential,solve,2,4.000450385035947,selection,1,10,726,276,1002,0,243,
T08-r2-sequential,T08,sequential,finalize,3,5.499507087981328,selection,1,10,724,376,1100,0,343,
T08-r2-parallel,T08,parallel,branch_data,1,9.873390888096765,selection,1,10,704,978,1682,0,945,
T08-r2-parallel,T08,parallel,branch_constraints,2,10.546740861027502,selection,1,10,709,885,1594,0,852,
T08-r2-parallel,T08,parallel,merge,3,2.755338986054994,selection,1,10,752,241,993,0,208,
T08-r2-hierarchical,T08,hierarchical,plan,1,1.9902368249604478,selection,1,10,717,133,850,0,39,
T08-r2-hierarchical,T08,hierarchical,worker,2,9.912988355965354,selection,1,10,744,767,1511,0,734,
T08-r2-hierarchical,T08,hierarchical,worker,3,13.097367226961069,selection,1,10,738,1002,1740,0,969,
T08-r2-hierarchical,T08,hierarchical,merge,4,3.507863227976486,selection,1,10,840,100,940,0,67,
T08-r2-sage_single,T08,sage_single,sage_propose,1,20.606129407999106,selection,1,0,639,1219,1858,0,1178,
T02-r2-hierarchical_all_skills,T02,hierarchical_all_skills,plan,1,2.0862157120136544,ledger|schedule|dependencies|selection|memory|sql|file_edits|reminders|conversation|incident_triage,10,10,2176,128,2304,2173,27,
T02-r2-hierarchical_all_skills,T02,hierarchical_all_skills,worker,2,3.3747171309078112,ledger|schedule|dependencies|selection|memory|sql|file_edits|reminders|conversation|incident_triage,10,10,2214,273,2487,0,225,
T02-r2-hierarchical_all_skills,T02,hierarchical_all_skills,worker,3,3.417820824077353,ledger|schedule|dependencies|selection|memory|sql|file_edits|reminders|conversation|incident_triage,10,10,2193,308,2501,0,260,
T02-r2-hierarchical_all_skills,T02,hierarchical_all_skills,merge,4,2.1999750110553578,ledger|schedule|dependencies|selection|memory|sql|file_edits|reminders|conversation|incident_triage,10,10,2336,248,2584,0,200,
T02-r2-parallel,T02,parallel,branch_data,1,2.6374417589977384,ledger,1,10,1151,318,1469,1148,270,
T02-r2-parallel,T02,parallel,branch_constraints,2,3.1579874790040776,ledger,1,10,1156,296,1452,1153,248,
T02-r2-parallel,T02,parallel,merge,3,2.2729296049801633,ledger,1,10,1229,245,1474,1226,197,
T02-r2-sage_single,T02,sage_single,sage_propose,1,4.612064738059416,ledger,1,0,1086,323,1409,1083,267,
T02-r2-hierarchical,T02,hierarchical,plan,1,1.741361717111431,ledger,1,10,1164,121,1285,1161,25,
T02-r2-hierarchical,T02,hierarchical,worker,2,5.191906527034007,ledger,1,10,1195,278,1473,0,230,
T02-r2-hierarchical,T02,hierarchical,worker,3,3.0170953150372952,ledger,1,10,1183,302,1485,0,254,
T02-r2-hierarchical,T02,hierarchical,merge,4,2.0985035920748487,ledger,1,10,1319,231,1550,0,183,
T02-r2-sage_all_skills,T02,sage_all_skills,sage_propose,1,3.8991517369868234,ledger|schedule|dependencies|selection|memory|sql|file_edits|reminders|conversation|incident_triage,10,0,2098,287,2385,2095,231,
T02-r2-single,T02,single,single,1,2.9040120710851625,ledger,1,10,1132,300,1432,1129,252,
T02-r2-sequential,T02,sequential,extract,1,3.8094106960343197,ledger,1,10,1147,345,1492,1144,297,
T02-r2-sequential,T02,sequential,solve,2,2.669771741027944,ledger,1,10,1188,277,1465,1185,229,
T02-r2-sequential,T02,sequential,finalize,3,2.627143600024283,ledger,1,10,1186,242,1428,1183,194,
T02-r2-reflexive,T02,reflexive,propose,1,2.385999190970324,ledger,1,10,1136,276,1412,1133,228,
T02-r2-reflexive,T02,reflexive,critique,2,2.3100363749545068,ledger,1,10,1216,206,1422,1213,189,
T02-r2-sage,T02,sage,sage_propose,1,3.9047598079778254,ledger,1,0,1086,311,1397,1083,255,
